Index,Name,Category,Tier,Additional pick,Type 1,Type 2,Type 3,Type 4,HP,Attack,Defense,Special Defense,Attack Range,Max Mana,Ability,Family,Family Type 1,Family Type 2,Family Type 3,Family Type 4
0001,bulbasaur,RARE,1,false,GRASS,POISON,FLORA,,80,5,2,2,2,100,ROOT,bulbasaur,GRASS,POISON,FLORA,
0002,ivysaur,RARE,2,false,GRASS,POISON,FLORA,,130,10,4,4,2,100,ROOT,bulbasaur,GRASS,POISON,FLORA,
0003,venusaur,RARE,3,false,GRASS,POISON,FLORA,,240,18,6,6,2,100,ROOT,bulbasaur,GRASS,POISON,FLORA,
0004,charmander,COMMON,1,false,FIRE,DRAGON,,,60,5,2,2,1,100,BLAST_BURN,charmander,FIRE,DRAGON,FLYING,
0005,charmeleon,COMMON,2,false,FIRE,DRAGON,,,120,9,2,2,1,100,BLAST_BURN,charmander,FIRE,DRAGON,FLYING,
0006,charizard,COMMON,3,false,FIRE,DRAGON,FLYING,,220,20,2,2,1,100,BLAST_BURN,charmander,FIRE,DRAGON,FLYING,
0007,squirtle,COMMON,1,false,WATER,FIELD,,,60,5,1,1,2,100,HYDRO_PUMP,squirtle,WATER,FIELD,,
0008,wartortle,COMMON,2,false,WATER,FIELD,,,120,9,1,1,2,100,HYDRO_PUMP,squirtle,WATER,FIELD,,
0009,blastoise,COMMON,3,false,WATER,FIELD,,,210,20,1,1,2,100,HYDRO_PUMP,squirtle,WATER,FIELD,,
0010,caterpie,COMMON,1,false,GRASS,BUG,,,60,5,1,1,2,100,STRING_SHOT,caterpie,GRASS,BUG,FLYING,
0011,metapod,COMMON,2,false,GRASS,BUG,,,110,9,1,1,2,100,STRING_SHOT,caterpie,GRASS,BUG,FLYING,
0012,butterfree,COMMON,3,false,GRASS,BUG,FLYING,,200,16,1,1,2,100,STRING_SHOT,caterpie,GRASS,BUG,FLYING,
0013,weedle,COMMON,1,false,POISON,BUG,,,60,5,2,2,1,100,BUG_BUZZ,weedle,POISON,BUG,FLYING,
0014,kakuna,COMMON,2,false,POISON,BUG,,,110,10,2,2,1,100,BUG_BUZZ,weedle,POISON,BUG,FLYING,
0015,beedrill,COMMON,3,false,POISON,BUG,FLYING,,200,18,2,2,1,100,BUG_BUZZ,weedle,POISON,BUG,FLYING,
0016,pidgey,COMMON,1,false,NORMAL,FLYING,,,60,5,1,1,2,100,HURRICANE,pidgey,NORMAL,FLYING,,
0017,pidgeotto,COMMON,2,false,NORMAL,FLYING,,,110,9,2,2,2,100,HURRICANE,pidgey,NORMAL,FLYING,,
0018,pidgeot,COMMON,3,false,NORMAL,FLYING,,,200,18,3,3,2,100,HURRICANE,pidgey,NORMAL,FLYING,,
0023,ekans,UNCOMMON,1,true,POISON,DARK,,,60,8,2,2,1,90,VENOSHOCK,ekans,POISON,DARK,,
0024,arbok,UNCOMMON,2,true,POISON,DARK,,,130,18,4,4,1,90,VENOSHOCK,ekans,POISON,DARK,,
0025,pikachu,COMMON,2,false,ELECTRIC,FAIRY,,,120,9,3,3,1,140,VOLT_SWITCH,pichu,ELECTRIC,FAIRY,BABY,
0026,raichu,COMMON,3,false,ELECTRIC,FAIRY,,,220,18,5,5,1,140,VOLT_SWITCH,pichu,ELECTRIC,FAIRY,BABY,
0027,sandshrew,UNCOMMON,1,true,GROUND,NORMAL,,,90,4,3,3,1,80,SPIKE_ARMOR,sandshrew,GROUND,NORMAL,,
0028,sandslash,UNCOMMON,2,true,GROUND,NORMAL,,,180,10,5,5,1,80,SPIKE_ARMOR,sandshrew,GROUND,NORMAL,,
0029,nidoranF,UNCOMMON,1,false,POISON,FIELD,GROUND,,70,5,2,2,1,90,VENOSHOCK,nidoranF,POISON,FIELD,GROUND,
0030,nidorina,UNCOMMON,2,false,POISON,FIELD,GROUND,,120,10,3,3,1,90,VENOSHOCK,nidoranF,POISON,FIELD,GROUND,
0031,nidoqueen,UNCOMMON,3,false,POISON,FIELD,GROUND,,210,21,4,4,1,90,VENOSHOCK,nidoranF,POISON,FIELD,GROUND,
0032,nidoranM,UNCOMMON,1,false,POISON,FIELD,GROUND,,70,5,2,2,1,90,POISON,nidoranM,POISON,FIELD,GROUND,
0033,nidorino,UNCOMMON,2,false,POISON,FIELD,GROUND,,130,10,2,2,1,90,POISON,nidoranM,POISON,FIELD,GROUND,
0034,nidoking,UNCOMMON,3,false,POISON,FIELD,GROUND,,230,21,3,3,1,90,POISON,nidoranM,POISON,FIELD,GROUND,
0035,clefairy,COMMON,2,false,FAIRY,NORMAL,,,120,9,3,3,1,100,METRONOME,cleffa,FAIRY,NORMAL,BABY,
0036,clefable,COMMON,3,false,FAIRY,NORMAL,,,220,18,4,4,1,100,METRONOME,cleffa,FAIRY,NORMAL,BABY,
0037,vulpix,RARE,1,true,FIRE,PSYCHIC,,,75,7,2,2,2,100,FIRE_SPIN,vulpix,FIRE,PSYCHIC,,
0037-0001,alolan-vulpix,RARE,1,true,ICE,FAIRY,,,75,7,2,2,2,85,AURORA_VEIL,alolan-vulpix,ICE,FAIRY,,
0038,ninetales,RARE,2,true,FIRE,PSYCHIC,,,170,20,3,5,2,100,FIRE_SPIN,vulpix,FIRE,PSYCHIC,,
0038-0001,alolan-ninetales,RARE,2,true,ICE,FAIRY,,,170,20,5,5,2,85,AURORA_VEIL,alolan-vulpix,ICE,FAIRY,,
0039,jigglypuff,UNCOMMON,2,false,FAIRY,SOUND,NORMAL,,120,9,1,1,2,90,SLEEP,igglybuff,FAIRY,BABY,SOUND,NORMAL
0040,wygglytuff,UNCOMMON,3,false,FAIRY,SOUND,NORMAL,,210,18,2,2,2,90,SLEEP,igglybuff,FAIRY,BABY,SOUND,NORMAL
0041,zubat,COMMON,1,false,POISON,FLYING,SOUND,,50,5,1,1,2,90,LEECH_LIFE,zubat,POISON,FLYING,SOUND,
0042,golbat,COMMON,2,false,POISON,FLYING,SOUND,,100,9,1,1,2,90,LEECH_LIFE,zubat,POISON,FLYING,SOUND,
0048,venonat,UNCOMMON,1,true,BUG,FLYING,PSYCHIC,,50,6,2,2,1,80,BUG_BUZZ,venonat,BUG,FLYING,PSYCHIC,
0049,venomoth,UNCOMMON,2,true,BUG,FLYING,PSYCHIC,,130,11,3,3,2,80,BUG_BUZZ,venonat,BUG,FLYING,PSYCHIC,
0050,diglett,UNCOMMON,1,true,GROUND,ROCK,,,75,6,2,2,1,50,DIG,diglett,GROUND,ROCK,,
0051,dugtrio,UNCOMMON,2,true,GROUND,ROCK,,,160,14,4,4,1,50,DIG,diglett,GROUND,ROCK,,
0052,meowth,RARE,1,true,NORMAL,FIELD,,,80,8,3,3,1,90,PAYDAY,meowth,NORMAL,FIELD,,
0053,persian,RARE,2,true,NORMAL,FIELD,,,200,20,3,3,1,90,PAYDAY,meowth,NORMAL,FIELD,,
0058,growlithe,UNCOMMON,1,true,FIRE,FIELD,,,70,6,2,2,1,80,GROWL,growlithe,FIRE,FIELD,,
0059,arcanine,UNCOMMON,2,true,FIRE,FIELD,,,130,14,5,5,1,80,GROWL,growlithe,FIRE,FIELD,,
0060,poliwag,COMMON,1,false,WATER,AQUATIC,FIGHTING,,65,5,1,1,2,100,SOAK,poliwag,WATER,AQUATIC,FIGHTING,
0061,poliwhirl,COMMON,2,false,WATER,AQUATIC,FIGHTING,,120,9,1,1,2,100,SOAK,poliwag,WATER,AQUATIC,FIGHTING,
0063,abra,RARE,1,false,PSYCHIC,HUMAN,,,90,5,2,4,4,50,TELEPORT,abra,PSYCHIC,HUMAN,,
0064,kadabra,RARE,2,false,PSYCHIC,HUMAN,,,130,10,3,5,4,50,TELEPORT,abra,PSYCHIC,HUMAN,,
0065,alakazam,RARE,3,false,PSYCHIC,HUMAN,,,230,22,4,8,4,50,TELEPORT,abra,PSYCHIC,HUMAN,,
0066,machop,UNCOMMON,1,false,FIGHTING,HUMAN,,,70,6,3,3,1,100,GUILLOTINE,machop,FIGHTING,HUMAN,,
0067,machoke,UNCOMMON,2,false,FIGHTING,HUMAN,,,130,12,4,4,1,100,GUILLOTINE,machop,FIGHTING,HUMAN,,
0068,machamp,UNCOMMON,3,false,FIGHTING,HUMAN,,,220,26,5,5,1,100,GUILLOTINE,machop,FIGHTING,HUMAN,,
0069,bellsprout,UNCOMMON,1,false,GRASS,POISON,FLORA,,70,5,2,2,1,100,ROOT,bellsprout,GRASS,POISON,FLORA,
0070,weepinbell,UNCOMMON,2,false,GRASS,POISON,FLORA,,140,9,2,2,1,100,ROOT,bellsprout,GRASS,POISON,FLORA,
0071,victreebel,UNCOMMON,3,false,GRASS,POISON,FLORA,,240,20,4,2,1,100,ROOT,bellsprout,GRASS,POISON,FLORA,
0072,tentacool,COMMON,1,true,WATER,AQUATIC,POISON,,55,5,2,4,1,85,POISON,tentacool,WATER,AQUATIC,POISON,
0073,tentacruel,COMMON,2,true,WATER,AQUATIC,POISON,,150,9,3,7,1,85,POISON,tentacool,WATER,AQUATIC,POISON,
0074,geodude,COMMON,1,false,GROUND,ROCK,,,70,4,2,2,1,100,ROCK_SLIDE,geodude,GROUND,ROCK,,
0074-0001,alolan-geodude,HATCH,1,false,ELECTRIC,ROCK,,,100,5,3,3,1,100,DISCHARGE,alolan-geodude,ELECTRIC,ROCK,,
0075,graveler,COMMON,2,false,GROUND,ROCK,,,120,9,4,4,1,100,ROCK_SLIDE,geodude,GROUND,ROCK,,
0075-0001,alolan-graveler,HATCH,2,false,ELECTRIC,ROCK,,,180,10,5,5,1,100,DISCHARGE,alolan-geodude,ELECTRIC,ROCK,,
0076,golem,COMMON,3,false,GROUND,ROCK,,,200,16,6,6,1,100,ROCK_SLIDE,geodude,GROUND,ROCK,,
0076-0001,alolan-golem,HATCH,3,false,ELECTRIC,ROCK,,,250,20,7,7,1,100,DISCHARGE,alolan-geodude,ELECTRIC,ROCK,,
0077,ponyta,EPIC,1,true,FIRE,FIELD,,,90,12,3,3,1,55,FLAME_CHARGE,ponyta,FIRE,FIELD,,
0078,rapidash,EPIC,2,true,FIRE,FIELD,,,180,24,5,5,1,55,FLAME_CHARGE,ponyta,FIRE,FIELD,,
0079,slowpoke,UNCOMMON,1,false,AQUATIC,PSYCHIC,,,75,6,2,2,1,100,SOAK,slowpoke,AQUATIC,PSYCHIC,,
0080,slowbro,UNCOMMON,2,false,AQUATIC,PSYCHIC,,,130,13,3,3,1,100,SOAK,slowpoke,AQUATIC,PSYCHIC,,
0081,magnemite,UNCOMMON,1,false,ELECTRIC,STEEL,,,80,5,1,1,2,100,TORMENT,magnemite,ELECTRIC,STEEL,,
0082,magneton,UNCOMMON,2,false,ELECTRIC,STEEL,,,150,9,1,1,2,100,TORMENT,magnemite,ELECTRIC,STEEL,,
0083,farfetch-d,MYTHICAL,1,false,FLYING,NORMAL,,,220,20,4,4,1,60,RAZOR_WIND,farfetch-d,FLYING,NORMAL,,
0086,seel,COMMON,1,true,ICE,AQUATIC,,,65,5,2,2,1,90,AURORA_BEAM,seel,ICE,AQUATIC,,
0087,dewgong,COMMON,2,true,ICE,AQUATIC,,,140,14,4,4,1,90,AURORA_BEAM,seel,ICE,AQUATIC,,
0088,grimer,COMMON,1,true,POISON,MONSTER,,,60,5,2,2,1,100,SMOG,grimer,POISON,MONSTER,,
0088-0001,alolan-grimer,COMMON,1,true,POISON,DARK,,,60,5,2,2,1,100,SMOG,alolan-grimer,POISON,DARK,,
0089,muk,COMMON,2,true,POISON,MONSTER,,,150,10,4,4,1,100,SMOG,grimer,POISON,MONSTER,,
0089-0001,alolan_muk,COMMON,2,true,POISON,DARK,,,150,10,4,4,1,100,SMOG,alolan-grimer,POISON,DARK,,
0092,gastly,LEGENDARY,1,false,MONSTER,POISON,GHOST,,90,14,3,3,2,100,NIGHTMARE,gastly,MONSTER,POISON,GHOST,
0093,haunter,LEGENDARY,2,false,MONSTER,POISON,GHOST,,180,25,4,3,2,100,NIGHTMARE,gastly,MONSTER,POISON,GHOST,
0094,gengar,LEGENDARY,3,false,MONSTER,POISON,GHOST,,350,40,5,3,2,100,NIGHTMARE,gastly,MONSTER,POISON,GHOST,
0095,onix,LEGENDARY,1,false,ROCK,GROUND,STEEL,,150,10,10,5,1,70,SPIKE_ARMOR,onix,ROCK,GROUND,STEEL,
0100,voltorb,COMMON,1,true,ELECTRIC,ARTIFICIAL,,,60,8,1,1,1,80,EXPLOSION,voltorb,ELECTRIC,ARTIFICIAL,,
0101,electrode,COMMON,2,true,ELECTRIC,ARTIFICIAL,,,140,14,3,3,1,80,EXPLOSION,voltorb,ELECTRIC,ARTIFICIAL,,
0104,cubone,EPIC,1,false,GROUND,ROCK,,,100,10,4,4,1,60,BONEMERANG,cubone,GROUND,ROCK,FIRE,GHOST
0105,marowak,EPIC,2,false,GROUND,ROCK,,,180,18,5,5,1,60,BONEMERANG,cubone,GROUND,ROCK,FIRE,GHOST
0105-0001,alolan-marowak,EPIC,3,false,GROUND,ROCK,FIRE,GHOST,260,26,6,6,1,60,BONEMERANG,cubone,GROUND,ROCK,FIRE,GHOST
0106,hitmonlee,MYTHICAL,1,true,FIGHTING,HUMAN,,,200,30,3,3,1,100,MAWASHI_GERI,tyrogue,FIGHTING,HUMAN,,
0107,hitmonchan,MYTHICAL,1,true,FIGHTING,HUMAN,,,200,20,9,9,1,100,UPPERCUT,tyrogue,FIGHTING,HUMAN,,
0111,rhyhorn,RARE,1,false,GROUND,MONSTER,ROCK,,80,5,4,4,1,100,STOMP,rhyhorn,GROUND,MONSTER,ROCK,
0112,rhydon,RARE,2,false,GROUND,MONSTER,ROCK,,130,9,6,6,1,100,STOMP,rhyhorn,GROUND,MONSTER,ROCK,
0113,chansey,LEGENDARY,2,false,NORMAL,HUMAN,,,300,20,6,4,1,130,SOFT_BOILED,happiny,NORMAL,HUMAN,BABY,
0116,horsea,UNCOMMON,1,false,WATER,DRAGON,,,70,6,1,1,2,100,HYDRO_PUMP,horsea,WATER,DRAGON,,
0117,seadra,UNCOMMON,2,false,WATER,DRAGON,,,140,12,1,1,2,100,HYDRO_PUMP,horsea,WATER,DRAGON,,
0122,mr-mime,RARE,2,true,FAIRY,PSYCHIC,,,200,16,3,5,2,90,MIMIC,mime-jr,FAIRY,PSYCHIC,BABY,
0123,scyther,LEGENDARY,1,false,BUG,FLYING,,,130,18,5,5,1,80,X_SCISSOR,scyther,BUG,FLYING,STEEL,
0124,jynx,COMMON,2,true,ICE,PSYCHIC,,,130,10,3,3,2,90,CONFUSION,smoochum,ICE,PSYCHIC,BABY,
0125,electabuzz,EPIC,2,false,ELECTRIC,ARTIFICIAL,,,200,16,5,5,1,90,DISCHARGE,elekid,ELECTRIC,ARTIFICIAL,BABY,
0126,magmar,RARE,2,false,FIRE,HUMAN,,,140,14,2,2,2,80,HEAT_WAVE,magby,FIRE,HUMAN,BABY,
0128,tauros,MYTHICAL,1,false,NORMAL,FIELD,,,200,20,7,2,1,100,HEAD_SMASH,tauros,NORMAL,FIELD,,
0131,lapras,MYTHICAL,1,false,WATER,ICE,,,250,12,6,6,1,100,DIVE,lapras,WATER,ICE,,
0133,eevee,UNCOMMON,1,false,NORMAL,FIELD,,,90,5,2,2,1,100,HAPPY_HOUR,eevee,NORMAL,FIELD,,
0134,vaporeon,UNCOMMON,2,false,WATER,FIELD,AQUATIC,,180,12,1,1,2,80,HAPPY_HOUR,vaporeon,WATER,FIELD,AQUATIC,
0135,jolteon,UNCOMMON,2,false,ELECTRIC,FIELD,,,180,12,1,1,2,80,HAPPY_HOUR,jolteon,ELECTRIC,FIELD,,
0136,flareon,UNCOMMON,2,false,FIRE,FIELD,,,180,12,3,2,1,80,HAPPY_HOUR,flareon,FIRE,FIELD,,
0137,porygon,EPIC,1,false,NORMAL,PSYCHIC,ARTIFICIAL,,120,6,1,1,2,90,TRI_ATTACK,porygon,NORMAL,PSYCHIC,ARTIFICIAL,
0138,omanyte,COMMON,1,true,FOSSIL,WATER,,,50,6,1,3,2,90,ROCK_TOMB,omanyte,FOSSIL,WATER,,
0139,omastar,COMMON,2,true,FOSSIL,WATER,,,120,12,2,4,2,90,ROCK_TOMB,omanyte,FOSSIL,WATER,,
0140,kabuto,RARE,1,true,FOSSIL,WATER,,,80,8,3,3,1,90,HEAL_BLOCK,kabuto,FOSSIL,WATER,,
0141,kabutops,RARE,2,true,FOSSIL,WATER,,,190,22,4,4,1,90,HEAL_BLOCK,kabuto,FOSSIL,WATER,,
0142,aerodactyl,MYTHICAL,1,false,ROCK,FLYING,FOSSIL,,200,17,3,3,1,80,ROCK_SLIDE,aerodactyl,ROCK,FLYING,FOSSIL,
0143,snorlax,EPIC,2,true,NORMAL,HUMAN,,,350,19,3,3,1,120,SLACK_OFF,munchlax,NORMAL,HUMAN,BABY,
0144,articuno,MYTHICAL,1,false,ICE,FLYING,,,200,20,3,3,2,120,FREEZE,articuno,ICE,FLYING,,
0145,zapdos,MYTHICAL,1,false,ELECTRIC,FLYING,,,200,20,3,3,2,80,CHARGE,zapdos,ELECTRIC,FLYING,,
0146,moltres,MYTHICAL,1,false,FIRE,FLYING,,,200,20,3,3,2,100,OVERHEAT,moltres,FIRE,FLYING,,
0147,dratini,RARE,1,false,DRAGON,AQUATIC,FLYING,,80,5,4,4,1,110,DRAGON_BREATH,dratini,DRAGON,AQUATIC,FLYING,
0148,dragonair,RARE,2,false,DRAGON,AQUATIC,FLYING,,120,13,5,5,1,110,DRAGON_BREATH,dratini,DRAGON,AQUATIC,FLYING,
0149,dragonite,RARE,3,false,DRAGON,AQUATIC,FLYING,,250,23,6,6,1,110,DRAGON_BREATH,dratini,DRAGON,AQUATIC,FLYING,
0150,mewtwo,MYTHICAL,2,false,PSYCHIC,MONSTER,ARTIFICIAL,,200,30,2,5,3,110,DYNAMAX_CANNON,mewtwo,PSYCHIC,MONSTER,ARTIFICIAL,
0151,mew,MYTHICAL,1,false,PSYCHIC,FIELD,,,200,12,2,2,3,80,TELEPORT,mew,PSYCHIC,FIELD,,
0152,chikorita,UNCOMMON,1,false,GRASS,FLORA,,,70,6,1,1,2,90,STUN_SPORE,chikorita,GRASS,FLORA,,
0153,bayleef,UNCOMMON,2,false,GRASS,FLORA,,,140,12,1,1,2,90,STUN_SPORE,chikorita,GRASS,FLORA,,
0154,meganium,UNCOMMON,3,false,GRASS,FLORA,,,250,27,1,1,2,90,STUN_SPORE,chikorita,GRASS,FLORA,,
0155,cyndaquil,UNCOMMON,1,false,FIRE,FIELD,,,70,6,1,1,2,80,WHEEL_OF_FIRE,cyndaquil,FIRE,FIELD,,
0156,quilava,UNCOMMON,2,false,FIRE,FIELD,,,130,11,2,2,2,80,WHEEL_OF_FIRE,cyndaquil,FIRE,FIELD,,
0157,typlosion,UNCOMMON,3,false,FIRE,FIELD,,,240,21,3,3,2,80,WHEEL_OF_FIRE,cyndaquil,FIRE,FIELD,,
0158,totodile,UNCOMMON,1,false,WATER,MONSTER,AQUATIC,,60,6,2,2,1,100,BITE,totodile,WATER,MONSTER,AQUATIC,
0159,croconaw,UNCOMMON,2,false,WATER,MONSTER,AQUATIC,,110,12,3,3,1,100,BITE,totodile,WATER,MONSTER,AQUATIC,
0160,feraligatr,UNCOMMON,3,false,WATER,MONSTER,AQUATIC,,200,22,5,5,1,100,BITE,totodile,WATER,MONSTER,AQUATIC,
0163,hoothoot,UNCOMMON,1,true,NORMAL,FLYING,PSYCHIC,,75,5,2,3,1,100,HYPNOSIS,hoothoot,NORMAL,FLYING,PSYCHIC,
0164,noctowl,UNCOMMON,2,true,NORMAL,FLYING,PSYCHIC,,170,6,3,5,1,100,HYPNOSIS,hoothoot,NORMAL,FLYING,PSYCHIC,
0169,crobat,COMMON,3,false,POISON,FLYING,SOUND,,200,18,1,1,2,90,LEECH_LIFE,zubat,POISON,FLYING,SOUND,
0170,chinchou,UNCOMMON,1,true,WATER,ELECTRIC,,,60,6,2,3,2,90,THUNDER,chinchou,WATER,ELECTRIC,,
0171,lanturn,UNCOMMON,2,true,WATER,ELECTRIC,,,130,14,3,5,2,90,THUNDER,chinchou,WATER,ELECTRIC,,
0172,pichu,COMMON,1,false,ELECTRIC,FAIRY,BABY,,60,5,1,1,1,140,VOLT_SWITCH,pichu,ELECTRIC,FAIRY,BABY,
0173,cleffa,COMMON,1,false,FAIRY,NORMAL,BABY,,60,5,1,1,1,100,METRONOME,cleffa,FAIRY,NORMAL,BABY,
0174,igglybuff,UNCOMMON,1,false,FAIRY,BABY,SOUND,,65,5,1,1,2,90,SLEEP,igglybuff,FAIRY,BABY,SOUND,NORMAL
0175,togepi,RARE,1,false,FAIRY,NORMAL,BABY,,80,5,1,1,2,70,WISH,togepi,FAIRY,NORMAL,BABY,FLYING
0176,togetic,RARE,2,false,FAIRY,NORMAL,FLYING,,150,11,1,1,2,70,WISH,togepi,FAIRY,NORMAL,BABY,FLYING
0179,mareep,COMMON,1,false,ELECTRIC,FIELD,,,60,5,1,1,2,110,THUNDER,mareep,ELECTRIC,FIELD,,
0180,flaffy,COMMON,2,false,ELECTRIC,FIELD,,,110,9,1,1,2,110,THUNDER,mareep,ELECTRIC,FIELD,,
0181,ampharos,COMMON,3,false,ELECTRIC,FIELD,,,220,18,1,1,2,110,THUNDER,mareep,ELECTRIC,FIELD,,
0183,marill,COMMON,2,false,WATER,FAIRY,,,110,9,1,1,2,100,HYDRO_PUMP,azurill,WATER,FAIRY,BABY,
0184,azumarill,COMMON,3,false,WATER,FAIRY,,,200,20,1,1,2,100,HYDRO_PUMP,azurill,WATER,FAIRY,BABY,
0185,sudowoodo,EPIC,2,true,ROCK,FLORA,MONSTER,,250,16,6,3,1,100,MIMIC,bonsley,ROCK,FLORA,BABY,MONSTER
0186,politoed,COMMON,3,false,WATER,AQUATIC,FIGHTING,,220,18,1,1,2,100,SOAK,poliwag,WATER,AQUATIC,FIGHTING,
0187,hoppip,COMMON,1,false,FLYING,FLORA,GRASS,,50,5,1,1,2,100,STUN_SPORE,hoppip,FLYING,FLORA,GRASS,
0188,skiploom,COMMON,2,false,FLYING,FLORA,GRASS,,110,9,1,1,2,100,STUN_SPORE,hoppip,FLYING,FLORA,GRASS,
0189,jumpluff,COMMON,3,false,FLYING,FLORA,GRASS,,220,18,1,1,2,100,STUN_SPORE,hoppip,FLYING,FLORA,GRASS,
0196,espeon,UNCOMMON,2,false,PSYCHIC,FIELD,,,180,12,1,1,2,80,HAPPY_HOUR,espeon,PSYCHIC,FIELD,,
0197,umbreon,UNCOMMON,2,false,DARK,FIELD,,,180,12,3,2,1,80,HAPPY_HOUR,umbreon,DARK,FIELD,,
0199,slowking,UNCOMMON,3,false,AQUATIC,PSYCHIC,,,260,24,4,4,1,100,SOAK,slowpoke,AQUATIC,PSYCHIC,,
0202,Wobbuffet,COMMON,2,true,PSYCHIC,,,,200,10,2,2,1,100,COUNTER,wynaut,PSYCHIC,BABY,,
0204,pineco,UNCOMMON,1,true,BUG,STEEL,,,75,5,3,3,1,80,EXPLOSION,pineco,BUG,STEEL,,
0205,forretress,UNCOMMON,2,true,BUG,STEEL,,,210,5,5,5,1,80,EXPLOSION,pineco,BUG,STEEL,,
0208,steelix,LEGENDARY,2,false,ROCK,GROUND,STEEL,,250,9,20,10,1,70,SPIKE_ARMOR,onix,ROCK,GROUND,STEEL,
0208-0001,mega-steelix,LEGENDARY,3,false,ROCK,GROUND,STEEL,,350,20,30,15,1,70,SPIKE_ARMOR,onix,ROCK,GROUND,STEEL,
0209,snubull,EPIC,1,true,NORMAL,FAIRY,FIELD,,100,8,3,2,1,70,BITE,snubull,NORMAL,FAIRY,FIELD,
0210,granbull,EPIC,2,true,NORMAL,FAIRY,FIELD,,200,20,6,3,1,70,BITE,snubull,NORMAL,FAIRY,FIELD,
0212,scizor,LEGENDARY,2,false,BUG,FLYING,STEEL,,210,28,6,6,1,80,X_SCISSOR,scyther,BUG,FLYING,STEEL,
0212-0001,mega-scizor,LEGENDARY,3,false,BUG,FLYING,STEEL,,290,48,7,7,1,80,X_SCISSOR,scyther,BUG,FLYING,STEEL,
0213,shuckle,MYTHICAL,1,false,BUG,ROCK,,,150,4,15,15,1,70,SHELL_TRAP,shuckle,BUG,ROCK,,
0215,sneasel,EPIC,1,true,ICE,DARK,MONSTER,,85,9,1,3,1,70,ICICLE_CRASH,sneasel,ICE,DARK,MONSTER,
0218,slugma,RARE,1,true,FIRE,ROCK,,,70,7,3,1,2,90,FIRE_BLAST,slugma,FIRE,ROCK,,
0219,magcargo,RARE,2,true,FIRE,ROCK,,,180,16,6,2,2,90,FIRE_BLAST,slugma,FIRE,ROCK,,
0220,swinub,COMMON,1,false,GROUND,ICE,FIELD,,60,4,2,2,1,100,ICICLE_CRASH,swinub,GROUND,ICE,FIELD,
0221,piloswine,COMMON,2,false,GROUND,ICE,FIELD,,110,8,4,4,1,100,ICICLE_CRASH,swinub,GROUND,ICE,FIELD,
0228,houndour,EPIC,1,false,FIRE,DARK,,,90,8,4,4,1,120,BEAT_UP,houndour,FIRE,DARK,,
0229,houndoom,EPIC,2,false,FIRE,DARK,,,150,20,6,6,1,120,BEAT_UP,houndour,FIRE,DARK,,
0229-0001,mega-houndoom,EPIC,3,false,FIRE,DARK,,,280,38,8,8,1,120,BEAT_UP,houndour,FIRE,DARK,,
0230,kingdra,UNCOMMON,3,false,WATER,DRAGON,,,250,22,2,2,2,100,HYDRO_PUMP,horsea,WATER,DRAGON,,
0233,porygon2,EPIC,2,false,NORMAL,PSYCHIC,ARTIFICIAL,,180,14,1,3,2,90,TRI_ATTACK,porygon,NORMAL,PSYCHIC,ARTIFICIAL,
0236,tyrogue,MYTHICAL,1,true,FIGHTING,HUMAN,,,200,10,3,3,1,100,MACH_PUNCH,tyrogue,FIGHTING,HUMAN,,
0237,hitmontop,MYTHICAL,1,true,FIGHTING,HUMAN,,,200,25,6,6,1,100,TRIPLE_KICK,tyrogue,FIGHTING,HUMAN,,
0238,smoochum,COMMON,1,true,ICE,PSYCHIC,BABY,,60,5,1,1,2,90,CONFUSION,smoochum,ICE,PSYCHIC,BABY,
0239,elekid,EPIC,1,false,ELECTRIC,ARTIFICIAL,BABY,,110,5,4,4,1,90,DISCHARGE,elekid,ELECTRIC,ARTIFICIAL,BABY,
0240,magby,RARE,1,false,FIRE,HUMAN,BABY,,80,5,1,1,2,80,HEAT_WAVE,magby,FIRE,HUMAN,BABY,
0242,blissey,LEGENDARY,3,false,NORMAL,HUMAN,,,480,25,10,8,1,130,SOFT_BOILED,happiny,NORMAL,HUMAN,BABY,
0243,raikou,MYTHICAL,2,false,ELECTRIC,FIELD,,,300,30,5,5,1,130,VOLT_SWITCH,raikou,ELECTRIC,FIELD,,
0244,entei,MYTHICAL,2,false,FIRE,FIELD,,,300,30,5,5,1,130,FLAME_CHARGE,entei,FIRE,FIELD,,
0245,suicune,MYTHICAL,2,false,WATER,ICE,,,300,30,5,5,1,100,AQUA_JET,suicune,WATER,ICE,,
0246,larvitar,EPIC,1,false,DARK,MONSTER,ROCK,,90,8,4,4,1,90,BITE,larvitar,DARK,MONSTER,ROCK,
0247,pupitar,EPIC,2,false,DARK,MONSTER,ROCK,,140,15,6,6,1,90,BITE,larvitar,DARK,MONSTER,ROCK,
0248,tyranitar,EPIC,3,false,DARK,MONSTER,ROCK,,230,33,8,8,1,90,BITE,larvitar,DARK,MONSTER,ROCK,
0249,lugia,MYTHICAL,3,false,AQUATIC,FLYING,PSYCHIC,,300,30,6,6,1,60,SKY_ATTACK,lugia,AQUATIC,FLYING,PSYCHIC,
0250,ho-Oh,MYTHICAL,2,false,FIRE,FLYING,,,300,30,5,5,3,100,FIRE_SPIN,ho-Oh,FIRE,FLYING,,
0251,celebi,MYTHICAL,2,false,GRASS,PSYCHIC,,,300,30,5,5,3,100,AURORA_VEIL,celebi,GRASS,PSYCHIC,,
0252,treecko,UNCOMMON,1,false,GRASS,MONSTER,,,70,5,3,3,1,100,THIEF,treecko,GRASS,MONSTER,,
0253,grovyle,UNCOMMON,2,false,GRASS,MONSTER,,,120,14,3,3,1,100,THIEF,treecko,GRASS,MONSTER,,
0254,sceptile,UNCOMMON,3,false,GRASS,MONSTER,,,210,27,5,5,1,100,THIEF,treecko,GRASS,MONSTER,,
0255,torchic,UNCOMMON,1,false,FIRE,FIGHTING,FLYING,,60,5,3,3,1,100,BLAZE_KICK,torchic,FIRE,FIGHTING,FLYING,
0256,combusken,UNCOMMON,2,false,FIRE,FIGHTING,FLYING,,120,9,3,3,1,100,BLAZE_KICK,torchic,FIRE,FIGHTING,FLYING,
0257,blaziken,UNCOMMON,3,false,FIRE,FIGHTING,FLYING,,210,20,3,3,1,100,BLAZE_KICK,torchic,FIRE,FIGHTING,FLYING,
0258,mudkip,COMMON,1,false,WATER,GROUND,,,65,4,2,2,1,100,SOAK,mudkip,WATER,GROUND,,
0259,marshtomp,COMMON,2,false,WATER,GROUND,,,130,8,3,3,1,100,SOAK,mudkip,WATER,GROUND,,
0260,swampert,COMMON,3,false,WATER,GROUND,,,200,18,5,5,1,100,SOAK,mudkip,WATER,GROUND,,
0261,poochyena,COMMON,1,true,NORMAL,DARK,FIELD,,50,5,2,2,1,75,BITE,poochyena,NORMAL,DARK,FIELD,
0262,mightyena,COMMON,2,true,NORMAL,DARK,FIELD,,105,11,4,4,1,75,BITE,poochyena,NORMAL,DARK,FIELD,
0270,lotad,RARE,1,false,GRASS,WATER,AQUATIC,,80,6,2,2,2,120,TORMENT,lotad,GRASS,WATER,AQUATIC,
0271,lombre,RARE,2,false,GRASS,WATER,AQUATIC,,150,12,3,3,2,120,TORMENT,lotad,GRASS,WATER,AQUATIC,
0272,ludicolo,RARE,3,false,GRASS,WATER,AQUATIC,,260,26,4,4,2,120,TORMENT,lotad,GRASS,WATER,AQUATIC,
0273,seedot,COMMON,1,false,GRASS,DARK,,,60,5,2,2,1,100,THIEF,seedot,GRASS,DARK,,
0274,nuzleaf,COMMON,2,false,GRASS,DARK,,,120,9,2,2,1,100,THIEF,seedot,GRASS,DARK,,
0275,shiftry,COMMON,3,false,GRASS,DARK,,,200,20,2,2,1,100,THIEF,seedot,GRASS,DARK,,
0280,ralts,EPIC,1,false,PSYCHIC,FAIRY,HUMAN,,90,5,2,4,3,110,FUTURE_SIGHT,ralts,PSYCHIC,FAIRY,HUMAN,
0281,kirlia,EPIC,2,false,PSYCHIC,FAIRY,HUMAN,,130,13,3,5,3,110,FUTURE_SIGHT,ralts,PSYCHIC,FAIRY,HUMAN,
0282,gardevoir,EPIC,3,false,PSYCHIC,FAIRY,HUMAN,,230,28,4,8,3,110,FUTURE_SIGHT,ralts,PSYCHIC,FAIRY,HUMAN,
0285,shroomish,UNCOMMON,1,true,GRASS,FIGHTING,,,60,7,2,2,1,85,LEECH_SEED,shroomish,GRASS,FIGHTING,,
0286,breloom,UNCOMMON,2,true,GRASS,FIGHTING,,,150,15,3,3,1,85,LEECH_SEED,shroomish,GRASS,FIGHTING,,
0287,slakoth,EPIC,1,false,NORMAL,FIELD,,,130,6,5,4,1,120,SLACK_OFF,slakoth,NORMAL,FIELD,,
0288,vigoroth,EPIC,2,false,NORMAL,FIELD,,,220,18,5,4,1,120,SLACK_OFF,slakoth,NORMAL,FIELD,,
0289,slaking,EPIC,3,false,NORMAL,FIELD,,,380,34,7,5,1,120,SLACK_OFF,slakoth,NORMAL,FIELD,,
0290,nincada,LEGENDARY,1,false,BUG,FLYING,,,10,7,0,0,1,100,WONDER_GUARD,nincada,BUG,FLYING,GHOST,
0291,ninjask,LEGENDARY,2,false,BUG,FLYING,,,20,14,0,0,1,80,WONDER_GUARD,nincada,BUG,FLYING,GHOST,
0292,shedninja,LEGENDARY,3,false,BUG,GHOST,FLYING,,50,21,0,0,1,60,WONDER_GUARD,nincada,BUG,FLYING,GHOST,
0293,whismur,RARE,1,false,NORMAL,SOUND,,,90,6,1,1,2,90,ECHO,whismur,NORMAL,SOUND,,
0294,loudred,RARE,2,false,NORMAL,SOUND,,,150,14,2,2,2,90,ECHO,whismur,NORMAL,SOUND,,
0295,exploud,RARE,3,false,NORMAL,SOUND,,,300,24,3,3,2,90,ECHO,whismur,NORMAL,SOUND,,
0296,makuhita,RARE,1,true,FIGHTING,MONSTER,,,70,8,3,3,1,100,DYNAMIC_PUNCH,makuhita,FIGHTING,MONSTER,,
0297,hariyama,RARE,2,true,FIGHTING,MONSTER,,,160,22,5,5,1,80,DYNAMIC_PUNCH,makuhita,FIGHTING,MONSTER,,
0298,azurill,COMMON,1,false,WATER,FAIRY,BABY,,50,5,1,1,2,100,HYDRO_PUMP,azurill,WATER,FAIRY,BABY,
0303,mawile,MYTHICAL,1,false,STEEL,FAIRY,MONSTER,,180,15,6,6,1,80,IRON_TAIL,mawile,STEEL,FAIRY,MONSTER,
0304,aron,COMMON,1,false,STEEL,MONSTER,ROCK,,60,4,2,2,1,100,STOMP,aron,STEEL,MONSTER,ROCK,
0305,lairon,COMMON,2,false,STEEL,MONSTER,ROCK,,100,8,4,4,1,100,STOMP,aron,STEEL,MONSTER,ROCK,
0306,aggron,COMMON,3,false,STEEL,MONSTER,ROCK,,170,16,6,6,1,100,STOMP,aron,STEEL,MONSTER,ROCK,
0307,meditite,LEGENDARY,1,false,PSYCHIC,HUMAN,FIGHTING,,120,10,5,5,2,60,CONFUSION,meditite,PSYCHIC,HUMAN,FIGHTING,
0308,medicham,LEGENDARY,2,false,PSYCHIC,HUMAN,FIGHTING,,200,20,6,6,2,60,CONFUSION,meditite,PSYCHIC,HUMAN,FIGHTING,
0308-0001,mega-medicham,LEGENDARY,3,false,PSYCHIC,HUMAN,FIGHTING,,300,35,7,7,2,60,CONFUSION,meditite,PSYCHIC,HUMAN,FIGHTING,
0309,electrike,LEGENDARY,1,false,ELECTRIC,FIELD,,,120,15,5,5,1,60,VOLT_SWITCH,electrike,ELECTRIC,FIELD,,
0310,manectric,LEGENDARY,2,false,ELECTRIC,FIELD,,,210,30,6,6,1,60,VOLT_SWITCH,electrike,ELECTRIC,FIELD,,
0310-0001,mega-manectric,LEGENDARY,3,false,ELECTRIC,FIELD,,,300,48,7,7,1,60,VOLT_SWITCH,electrike,ELECTRIC,FIELD,,
0315,roselia,EPIC,2,false,GRASS,POISON,FLORA,,130,16,1,1,3,100,PETAL_DANCE,budew,GRASS,POISON,BABY,FLORA
0318,carvanha,UNCOMMON,1,true,WATER,DARK,,,60,8,1,2,1,40,AGILITY,carvanha,WATER,DARK,,
0319,sharpedo,UNCOMMON,2,true,WATER,DARK,,,130,18,2,3,1,40,AGILITY,carvanha,WATER,DARK,,
0320,wailmer,EPIC,1,true,WATER,SOUND,,,180,6,2,2,1,110,DIVE,wailmer,WATER,SOUND,,
0321,wailord,EPIC,2,true,WATER,SOUND,,,400,11,3,3,1,110,DIVE,wailmer,WATER,SOUND,,
0322,numel,LEGENDARY,1,false,FIRE,FIELD,GROUND,,130,9,5,5,1,100,BURN,numel,FIRE,FIELD,GROUND,
0323,camerupt,LEGENDARY,2,false,FIRE,FIELD,GROUND,,220,14,10,10,1,100,BURN,numel,FIRE,FIELD,GROUND,
0323-0001,mega-camerupt,LEGENDARY,3,false,FIRE,FIELD,GROUND,,330,22,15,15,1,100,BURN,numel,FIRE,FIELD,GROUND,
0328,trapinch,RARE,1,false,GROUND,BUG,,,80,8,4,4,1,100,DRAGON_TAIL,trapinch,GROUND,BUG,DRAGON,
0329,vibrava,RARE,2,false,GROUND,DRAGON,BUG,,120,14,4,4,1,100,DRAGON_TAIL,trapinch,GROUND,BUG,DRAGON,
0330,flygon,RARE,3,false,GROUND,DRAGON,BUG,,220,28,4,4,1,100,DRAGON_TAIL,trapinch,GROUND,BUG,DRAGON,
0331,cacnea,RARE,1,true,GRASS,DARK,,,90,7,4,3,1,70,HEAL_BLOCK,cacnea,GRASS,DARK,,
0332,cacturne,RARE,2,true,GRASS,DARK,,,180,20,6,5,1,70,HEAL_BLOCK,cacnea,GRASS,DARK,,
0333,swablu,LEGENDARY,1,false,FAIRY,DRAGON,SOUND,,100,12,3,3,2,100,HYPER_VOICE,swablu,FAIRY,DRAGON,SOUND,
0334,altaria,LEGENDARY,2,false,FAIRY,DRAGON,SOUND,,200,25,4,4,2,100,HYPER_VOICE,swablu,FAIRY,DRAGON,SOUND,
0334-0001,mega-altaria,LEGENDARY,3,false,FAIRY,DRAGON,SOUND,,300,42,5,5,2,100,HYPER_VOICE,swablu,FAIRY,DRAGON,SOUND,
0336,seviper,MYTHICAL,1,false,POISON,MONSTER,,,180,22,4,2,1,75,VENOSHOCK,seviper,POISON,MONSTER,,
0341,corphish,UNCOMMON,1,true,WATER,DARK,,,85,6,3,2,1,110,CRABHAMMER,corphish,WATER,DARK,,
0342,crawdaunt,UNCOMMON,2,true,WATER,DARK,,,160,16,5,3,1,110,CRABHAMMER,corphish,WATER,DARK,,
0345,lileep,RARE,1,true,FOSSIL,GRASS,FLORA,,70,7,2,2,2,100,LEECH_SEED,lileep,FOSSIL,GRASS,FLORA,
0346,cradily,RARE,2,true,FOSSIL,GRASS,FLORA,,150,21,3,3,2,100,LEECH_SEED,lileep,FOSSIL,GRASS,FLORA,
0347,anorith,COMMON,1,true,FOSSIL,BUG,AQUATIC,,60,5,2,1,1,100,ROCK_SMASH,anorith,FOSSIL,BUG,AQUATIC,
0348,armaldo,COMMON,2,true,FOSSIL,BUG,AQUATIC,,130,12,2,1,1,100,ROCK_SMASH,anorith,FOSSIL,BUG,AQUATIC,
0351,castform,MYTHICAL,1,false,NORMAL,ARTIFICIAL,,,180,20,3,3,2,80,FORECAST,castform,NORMAL,ARTIFICIAL,FIRE,WATER
0351-0001,castform-sun,MYTHICAL,1,false,NORMAL,ARTIFICIAL,FIRE,,180,20,3,3,2,80,FORECAST,castform,NORMAL,ARTIFICIAL,FIRE,WATER
0351-0002,castform-rain,MYTHICAL,1,false,NORMAL,ARTIFICIAL,WATER,,180,20,3,3,2,80,FORECAST,castform,NORMAL,ARTIFICIAL,FIRE,WATER
0351-0003,castform-hail,MYTHICAL,1,false,NORMAL,ARTIFICIAL,ICE,,180,20,3,3,2,80,FORECAST,castform,NORMAL,ARTIFICIAL,FIRE,WATER
0352,kecleon,MYTHICAL,1,false,,,,,200,20,3,3,1,80,ILLUSION,kecleon,,,,
0353,shuppet,LEGENDARY,1,false,DARK,GHOST,,,120,7,3,4,1,125,SHADOW_CLONE,shuppet,DARK,GHOST,,
0354,banette,LEGENDARY,2,false,DARK,GHOST,,,200,15,4,5,1,125,SHADOW_CLONE,shuppet,DARK,GHOST,,
0354-0001,mega-banette,LEGENDARY,3,false,DARK,GHOST,,,300,30,5,6,1,100,SHADOW_CLONE,shuppet,DARK,GHOST,,
0355,duskull,UNCOMMON,1,false,DARK,GHOST,,,70,6,1,1,2,100,NIGHT_SLASH,duskull,DARK,GHOST,,
0356,dusclops,UNCOMMON,2,false,DARK,GHOST,,,150,11,1,1,2,100,NIGHT_SLASH,duskull,DARK,GHOST,,
0359,absol,MYTHICAL,1,false,DARK,FIELD,,,200,20,5,5,1,100,THIEF,absol,DARK,FIELD,,
0360,wynaut,COMMON,1,true,PSYCHIC,BABY,,,80,5,1,1,1,100,COUNTER,wynaut,PSYCHIC,BABY,,
0361,snorunt,EPIC,1,false,GHOST,ICE,,,90,8,2,2,3,100,DARK_PULSE,snorunt,GHOST,ICE,,
0362,glalie,EPIC,2,false,GHOST,ICE,,,170,17,2,2,3,100,DARK_PULSE,snorunt,GHOST,ICE,,
0363,spheal,UNCOMMON,1,false,AQUATIC,ICE,,,70,6,3,2,1,100,ICICLE_CRASH,spheal,AQUATIC,ICE,,
0364,sealeo,UNCOMMON,2,false,AQUATIC,ICE,,,140,12,3,2,1,100,ICICLE_CRASH,spheal,AQUATIC,ICE,,
0365,walrein,UNCOMMON,3,false,AQUATIC,ICE,,,260,24,3,3,1,100,ICICLE_CRASH,spheal,AQUATIC,ICE,,
0366,clamperl,EPIC,1,true,FOSSIL,WATER,AQUATIC,,100,7,4,2,1,80,ROCK_TOMB,clamperl,FOSSIL,WATER,AQUATIC,PSYCHIC
0367,huntail,EPIC,2,true,FOSSIL,WATER,AQUATIC,,140,27,5,3,1,80,ROCK_TOMB,clamperl,FOSSIL,WATER,AQUATIC,PSYCHIC
0369,relicanth,MYTHICAL,1,false,ROCK,WATER,FOSSIL,,220,13,6,3,1,70,ROCK_TOMB,relicanth,ROCK,WATER,FOSSIL,
0371,bagon,RARE,1,false,DRAGON,MONSTER,,,90,6,3,3,1,100,HEAD_SMASH,bagon,DRAGON,MONSTER,FLYING,
0372,shelgon,RARE,2,false,DRAGON,MONSTER,,,150,15,3,3,1,100,HEAD_SMASH,bagon,DRAGON,MONSTER,FLYING,
0373,salamence,RARE,3,false,DRAGON,MONSTER,FLYING,,240,24,3,3,1,100,DRAGON_DARTS,bagon,DRAGON,MONSTER,FLYING,
0374,beldum,EPIC,1,false,PSYCHIC,STEEL,ARTIFICIAL,,110,5,4,4,1,100,METEOR_MASH,beldum,PSYCHIC,STEEL,ARTIFICIAL,
0375,metang,EPIC,2,false,PSYCHIC,STEEL,ARTIFICIAL,,190,9,6,6,1,100,METEOR_MASH,beldum,PSYCHIC,STEEL,ARTIFICIAL,
0376,metagross,EPIC,3,false,PSYCHIC,STEEL,ARTIFICIAL,,320,20,8,8,1,100,METEOR_MASH,beldum,PSYCHIC,STEEL,ARTIFICIAL,
0377,regirock,MYTHICAL,1,false,ROCK,HUMAN,,,200,20,6,6,1,100,ROCK_SLIDE,regirock,ROCK,HUMAN,,
0378,regice,MYTHICAL,1,false,ICE,HUMAN,,,200,20,6,6,1,100,ICICLE_CRASH,regice,ICE,HUMAN,,
0379,registeel,MYTHICAL,1,false,STEEL,HUMAN,,,200,20,6,6,1,100,IRON_DEFENSE,registeel,STEEL,HUMAN,,
0380,latias,MYTHICAL,1,false,PSYCHIC,DRAGON,,,200,15,5,1,3,100,DRACO_METEOR,latias,PSYCHIC,DRAGON,,
0381,latios,MYTHICAL,1,false,PSYCHIC,DRAGON,,,200,20,1,1,3,100,DRACO_METEOR,latios,PSYCHIC,DRAGON,,
0382,kyogre,MYTHICAL,2,false,WATER,AQUATIC,,,300,20,3,3,3,100,ORIGIN_PULSE,kyogre,WATER,AQUATIC,ELECTRIC,
0382-0001,primal-Kyogre,MYTHICAL,3,false,WATER,ELECTRIC,AQUATIC,,400,20,3,3,3,100,ORIGIN_PULSE,kyogre,WATER,AQUATIC,ELECTRIC,
0383,groudon,MYTHICAL,2,false,GROUND,FIRE,,,300,30,5,5,1,100,EARTHQUAKE,groudon,GROUND,FIRE,,
0383-0001,primal-Groudon,MYTHICAL,3,false,GROUND,FIRE,,,400,30,10,10,1,100,EARTHQUAKE,groudon,GROUND,FIRE,,
0384,rayquaza,MYTHICAL,2,false,DRAGON,FLYING,,,300,30,5,5,1,100,DRACO_METEOR,rayquaza,DRAGON,FLYING,,
0384-0001,mega-Rayquaza,MYTHICAL,3,false,DRAGON,FLYING,,,400,30,5,5,3,100,DRACO_METEOR,rayquaza,DRAGON,FLYING,,
0385,jirachi,MYTHICAL,2,false,STEEL,PSYCHIC,,,220,30,5,5,3,60,WISH,jirachi,STEEL,PSYCHIC,,
0386,deoxys,MYTHICAL,2,false,PSYCHIC,HUMAN,ARTIFICIAL,,220,30,5,5,1,100,PROTECT,deoxys,PSYCHIC,HUMAN,ARTIFICIAL,
0387,turtwig,RARE,1,false,GRASS,GROUND,FLORA,,80,5,3,3,1,100,GROWTH,turtwig,GRASS,GROUND,FLORA,
0388,grotle,RARE,2,false,GRASS,GROUND,FLORA,,150,9,4,4,1,100,GROWTH,turtwig,GRASS,GROUND,FLORA,
0389,torterra,RARE,3,false,GRASS,GROUND,FLORA,,280,20,5,5,1,100,GROWTH,turtwig,GRASS,GROUND,FLORA,
0390,chimchar,COMMON,1,false,FIRE,FIGHTING,,,60,5,2,2,1,100,TORMENT,chimchar,FIRE,FIGHTING,,
0391,monferno,COMMON,2,false,FIRE,FIGHTING,,,110,11,2,2,1,100,TORMENT,chimchar,FIRE,FIGHTING,,
0392,infernape,COMMON,3,false,FIRE,FIGHTING,,,180,22,2,2,1,100,TORMENT,chimchar,FIRE,FIGHTING,,
0393,piplup,UNCOMMON,1,false,WATER,FLYING,STEEL,,60,5,3,3,1,100,IRON_TAIL,piplup,WATER,FLYING,STEEL,
0394,prinplup,UNCOMMON,2,false,WATER,FLYING,STEEL,,130,9,3,3,1,100,IRON_TAIL,piplup,WATER,FLYING,STEEL,
0395,empoleon,UNCOMMON,3,false,WATER,FLYING,STEEL,,240,20,3,3,1,100,IRON_TAIL,piplup,WATER,FLYING,STEEL,
0396,starly,COMMON,1,false,NORMAL,FLYING,,,60,5,2,2,1,100,HURRICANE,starly,NORMAL,FLYING,,
0397,staravia,COMMON,2,false,NORMAL,FLYING,,,120,10,2,2,1,100,HURRICANE,starly,NORMAL,FLYING,,
0398,staraptor,COMMON,3,false,NORMAL,FLYING,,,240,20,2,2,1,100,HURRICANE,starly,NORMAL,FLYING,,
0403,shinx,RARE,1,false,ELECTRIC,FIELD,,,80,6,4,4,1,100,DISCHARGE,shinx,ELECTRIC,FIELD,,
0404,luxio,RARE,2,false,ELECTRIC,FIELD,,,130,14,5,5,1,100,DISCHARGE,shinx,ELECTRIC,FIELD,,
0405,luxray,RARE,3,false,ELECTRIC,FIELD,,,220,32,6,6,1,100,DISCHARGE,shinx,ELECTRIC,FIELD,,
0406,budew,EPIC,1,false,GRASS,POISON,BABY,,90,5,1,1,3,100,PETAL_DANCE,budew,GRASS,POISON,BABY,FLORA
0407,roserade,EPIC,3,false,GRASS,POISON,FLORA,,230,18,1,1,3,100,PETAL_DANCE,budew,GRASS,POISON,BABY,FLORA
0408,cranidos,UNCOMMON,1,true,FOSSIL,MONSTER,,,60,7,2,1,1,100,HEAD_SMASH,cranidos,FOSSIL,MONSTER,,
0409,rampardos,UNCOMMON,2,true,FOSSIL,MONSTER,,,160,15,3,1,1,100,HEAD_SMASH,cranidos,FOSSIL,MONSTER,,
0410,shieldon,RARE,1,true,FOSSIL,STEEL,,,90,6,5,3,1,100,IRON_DEFENSE,shieldon,FOSSIL,STEEL,,
0411,bastiodon,RARE,2,true,FOSSIL,STEEL,,,250,10,8,4,1,100,IRON_DEFENSE,shieldon,FOSSIL,STEEL,,
0415,combee,EPIC,1,true,BUG,FLORA,,,120,8,3,3,1,90,HEAL_ORDER,combee,BUG,FLORA,,
0416,vespiqueen,EPIC,2,true,BUG,FLORA,,,250,20,4,4,1,90,HEAL_ORDER,combee,BUG,FLORA,,
0418,buizel,EPIC,1,true,WATER,AQUATIC,FIELD,,90,9,3,3,1,55,AQUA_JET,buizel,WATER,AQUATIC,FIELD,
0419,floatzel,EPIC,2,true,WATER,AQUATIC,FIELD,,180,22,5,5,1,55,AQUA_JET,buizel,WATER,AQUATIC,FIELD,
0425,drifloon,RARE,1,true,GHOST,FLYING,,,100,5,2,2,2,85,CALM_MIND,drifloon,GHOST,FLYING,,
0426,drifblim,RARE,2,true,GHOST,FLYING,,,250,10,3,3,2,85,CALM_MIND,drifloon,GHOST,FLYING,,
0427,buneary,LEGENDARY,1,false,NORMAL,FIGHTING,,,130,15,5,5,1,60,HIGH_JUMP_KICK,buneary,NORMAL,FIGHTING,,
0428,lopunny,LEGENDARY,2,false,NORMAL,FIGHTING,,,250,28,6,6,1,60,HIGH_JUMP_KICK,buneary,NORMAL,FIGHTING,,
0428-0001,mega-lopunny,LEGENDARY,3,false,NORMAL,FIGHTING,,,350,50,8,8,1,60,HIGH_JUMP_KICK,buneary,NORMAL,FIGHTING,,
0436,bronzor,RARE,1,true,STEEL,PSYCHIC,,,90,5,5,3,1,95,IRON_DEFENSE,bronzor,STEEL,PSYCHIC,,
0437,bronzong,RARE,2,true,STEEL,PSYCHIC,,,200,11,9,7,1,95,IRON_DEFENSE,bronzor,STEEL,PSYCHIC,,
0438,bonsley,EPIC,1,true,ROCK,FLORA,BABY,,125,8,5,2,1,100,MIMIC,bonsley,ROCK,FLORA,BABY,MONSTER
0439,mime-jr,RARE,1,true,FAIRY,PSYCHIC,BABY,,70,6,2,2,2,90,MIMIC,mime-jr,FAIRY,PSYCHIC,BABY,
0440,happiny,LEGENDARY,1,false,NORMAL,HUMAN,BABY,,150,8,5,5,1,130,SOFT_BOILED,happiny,NORMAL,HUMAN,BABY,
0441,chatot,MYTHICAL,1,false,FLYING,SOUND,,,200,20,2,2,3,120,CHATTER,chatot,FLYING,SOUND,,
0442,spiritomb,MYTHICAL,1,false,DARK,GHOST,,,200,20,2,2,3,80,NIGHT_SLASH,spiritomb,DARK,GHOST,,
0443,gible,EPIC,1,false,DRAGON,GROUND,MONSTER,,100,6,4,4,1,100,DRAGON_BREATH,gible,DRAGON,GROUND,MONSTER,
0444,gabite,EPIC,2,false,DRAGON,GROUND,MONSTER,,160,14,5,5,1,100,DRAGON_BREATH,gible,DRAGON,GROUND,MONSTER,
0445,garchomp,EPIC,3,false,DRAGON,GROUND,MONSTER,,260,32,6,6,1,100,DRAGON_BREATH,gible,DRAGON,GROUND,MONSTER,
0446,munchlax,EPIC,1,true,NORMAL,HUMAN,BABY,,120,8,2,2,1,120,SLACK_OFF,munchlax,NORMAL,HUMAN,BABY,
0447,riolu,LEGENDARY,1,false,FIGHTING,STEEL,BABY,,120,10,3,3,2,90,SILENCE,riolu,FIGHTING,STEEL,BABY,
0448,lucario,LEGENDARY,2,false,FIGHTING,STEEL,,,240,24,5,5,2,90,SILENCE,riolu,FIGHTING,STEEL,BABY,
0448-0001,mega-lucario,LEGENDARY,3,false,FIGHTING,STEEL,,,360,42,7,7,2,90,SILENCE,riolu,FIGHTING,STEEL,BABY,
0453,croagunk,RARE,1,true,POISON,FIGHTING,AQUATIC,,75,6,2,2,1,85,GUILLOTINE,croagunk,POISON,FIGHTING,AQUATIC,
0454,toxicroak,RARE,2,true,POISON,FIGHTING,AQUATIC,,190,14,4,4,1,85,GUILLOTINE,croagunk,POISON,FIGHTING,AQUATIC,
0459,snover,LEGENDARY,1,false,GRASS,ICE,,,130,12,6,6,1,80,FREEZE,snover,GRASS,ICE,,
0460,abomasnow,LEGENDARY,2,false,GRASS,ICE,,,260,24,8,8,1,80,FREEZE,snover,GRASS,ICE,,
0460-0001,mega-abomasnow,LEGENDARY,3,false,GRASS,ICE,,,400,35,10,10,1,80,FREEZE,snover,GRASS,ICE,,
0461,weavile,EPIC,2,true,ICE,DARK,MONSTER,,200,22,2,3,1,70,ICICLE_CRASH,sneasel,ICE,DARK,MONSTER,
0462,magnezone,UNCOMMON,3,false,ELECTRIC,STEEL,,,250,20,2,2,2,100,TORMENT,magnemite,ELECTRIC,STEEL,,
0464,rhyperior,RARE,3,false,GROUND,MONSTER,ROCK,,220,20,8,8,1,100,STOMP,rhyhorn,GROUND,MONSTER,ROCK,
0466,electivire,EPIC,3,false,ELECTRIC,ARTIFICIAL,,,420,28,6,6,1,90,DISCHARGE,elekid,ELECTRIC,ARTIFICIAL,BABY,
0467,magmortar,RARE,3,false,FIRE,HUMAN,,,300,26,1,1,2,80,HEAT_WAVE,magby,FIRE,HUMAN,BABY,
0468,togekiss,RARE,3,false,FAIRY,NORMAL,FLYING,,260,25,1,1,2,70,WISH,togepi,FAIRY,NORMAL,BABY,FLYING
0470,leafeon,UNCOMMON,2,false,GRASS,FLORA,FIELD,,180,12,3,2,1,80,HAPPY_HOUR,leafeon,GRASS,FLORA,FIELD,
0471,glaceon,UNCOMMON,2,false,ICE,FIELD,,,180,12,1,1,2,80,HAPPY_HOUR,glaceon,ICE,FIELD,,
0473,mamoswine,COMMON,3,false,GROUND,ICE,FIELD,,180,14,6,6,1,100,ICICLE_CRASH,swinub,GROUND,ICE,FIELD,
0474,porygon-z,EPIC,3,false,NORMAL,PSYCHIC,ARTIFICIAL,,333,33,1,5,2,90,TRI_ATTACK,porygon,NORMAL,PSYCHIC,ARTIFICIAL,
0477,dusknoir,UNCOMMON,3,false,DARK,GHOST,,,240,24,1,1,2,100,NIGHT_SLASH,duskull,DARK,GHOST,,
0478,froslass,EPIC,3,false,GHOST,ICE,,,350,28,2,2,3,100,DARK_PULSE,snorunt,GHOST,ICE,,
0479,rotom,MYTHICAL,1,false,ELECTRIC,GHOST,,,200,12,3,3,3,100,CALM_MIND,rotom,ELECTRIC,GHOST,,
0480,uxie,MYTHICAL,1,false,PSYCHIC,FAIRY,,,200,12,3,3,3,65,KNOWLEDGE_THIEF,uxie,PSYCHIC,FAIRY,,
0481,mesprit,MYTHICAL,1,false,PSYCHIC,FAIRY,,,200,12,3,3,3,90,CONFUSING_MIND,mesprit,PSYCHIC,FAIRY,,
0482,azelf,MYTHICAL,1,false,PSYCHIC,FAIRY,,,200,12,3,3,3,110,SONG_OF_DESIRE,azelf,PSYCHIC,FAIRY,,
0483,dialga,MYTHICAL,2,false,STEEL,DRAGON,,,300,30,5,5,2,150,ROAR_OF_TIME,dialga,STEEL,DRAGON,,
0484,palkia,MYTHICAL,2,false,DRAGON,WATER,,,300,30,5,5,1,150,ROAR_OF_TIME,palkia,DRAGON,WATER,,
0485,heatran,MYTHICAL,2,false,FIRE,STEEL,,,300,30,5,5,3,100,BURN,heatran,FIRE,STEEL,,
0486,regigigas,MYTHICAL,2,false,NORMAL,MONSTER,HUMAN,,300,30,5,5,1,100,IRON_TAIL,regigigas,NORMAL,MONSTER,HUMAN,
0487,giratina,MYTHICAL,3,false,DRAGON,GHOST,,,300,30,5,5,2,40,SHADOW_SNEAK,giratina,DRAGON,GHOST,,
0487-0001,origin-giratina,MYTHICAL,3,false,DRAGON,GHOST,,,400,40,6,6,1,40,SHADOW_SNEAK,origin-giratina,DRAGON,GHOST,,
0488,cresselia,MYTHICAL,2,false,PSYCHIC,FAIRY,,,300,30,5,5,3,60,WISH,cresselia,PSYCHIC,FAIRY,,
0489,phione,MYTHICAL,1,false,WATER,BUG,AQUATIC,,160,12,2,2,3,100,NASTY_PLOT,phione,WATER,BUG,AQUATIC,
0490,manaphy,MYTHICAL,1,false,WATER,BUG,AQUATIC,,240,16,4,4,3,100,NASTY_PLOT,phione,WATER,BUG,AQUATIC,
0491,darkrai,MYTHICAL,2,false,DARK,GHOST,,,300,30,2,2,2,120,DARK_VOID,darkrai,DARK,GHOST,,
0492,shaymin,MYTHICAL,2,false,GRASS,FLORA,,,200,30,5,5,3,100,SEED_FLARE,shaymin,GRASS,FLORA,,
0493,arceus,MYTHICAL,2,false,,,,,300,30,5,5,1,100,JUDGEMENT,arceus,,,,
0494,victini,MYTHICAL,2,false,FIRE,PSYCHIC,,,300,20,5,5,2,100,SEARING_SHOT,victini,FIRE,PSYCHIC,,
0495,snivy,HATCH,1,false,GRASS,FIELD,,,90,5,1,1,3,80,VENOSHOCK,snivy,GRASS,FIELD,,
0496,servine,HATCH,2,false,GRASS,FIELD,,,160,11,1,1,3,80,VENOSHOCK,snivy,GRASS,FIELD,,
0497,serperior,HATCH,3,false,GRASS,FIELD,,,240,28,1,1,3,80,VENOSHOCK,snivy,GRASS,FIELD,,
0498,tepig,HATCH,1,false,FIRE,FIGHTING,FIELD,,80,5,5,2,1,100,IRON_TAIL,tepig,FIRE,FIGHTING,FIELD,
0499,pignite,HATCH,2,false,FIRE,FIGHTING,FIELD,,150,12,6,2,1,100,IRON_TAIL,tepig,FIRE,FIGHTING,FIELD,
0500,emboar,HATCH,3,false,FIRE,FIGHTING,FIELD,,250,20,7,2,1,100,IRON_TAIL,tepig,FIRE,FIGHTING,FIELD,
0501,oshawott,EPIC,1,false,WATER,MONSTER,FIGHTING,,90,8,4,4,1,120,CRABHAMMER,oshawott,WATER,MONSTER,FIGHTING,
0502,dewott,EPIC,2,false,WATER,MONSTER,FIGHTING,,150,15,6,6,1,120,CRABHAMMER,oshawott,WATER,MONSTER,FIGHTING,
0503,samurott,EPIC,3,false,WATER,MONSTER,FIGHTING,,260,32,8,8,1,120,CRABHAMMER,oshawott,WATER,MONSTER,FIGHTING,
0566,archen,RARE,1,true,FOSSIL,ROCK,FLYING,,80,6,3,3,1,90,ROCK_SMASH,archen,FOSSIL,ROCK,FLYING,
0567,archeops,RARE,2,true,FOSSIL,ROCK,FLYING,,180,14,5,5,2,90,ROCK_SMASH,archen,FOSSIL,ROCK,FLYING,
0570,zorua,UNCOMMON,1,true,DARK,FIELD,,,70,6,2,2,1,100,ILLUSION,zorua,DARK,FIELD,,
0570-0002,hisui-zorua,UNCOMMON,1,true,NORMAL,GHOST,,,70,6,2,2,1,100,ILLUSION,hisui-zorua,NORMAL,GHOST,,
0571,zoroark,UNCOMMON,2,true,DARK,FIELD,,,140,15,4,4,1,100,ILLUSION,zorua,DARK,FIELD,,
0571-0001,hisui-zoroark,UNCOMMON,2,true,NORMAL,GHOST,,,140,15,4,4,1,100,ILLUSION,hisui-zorua,NORMAL,GHOST,,
0574,gothita,HATCH,1,false,PSYCHIC,DARK,,,90,5,1,4,3,80,FAKE_TEARS,gothita,PSYCHIC,DARK,,
0575,gothorita,HATCH,2,false,PSYCHIC,DARK,,,130,12,1,5,3,80,FAKE_TEARS,gothita,PSYCHIC,DARK,,
0576,gothitelle,HATCH,3,false,PSYCHIC,DARK,,,220,22,1,6,3,80,FAKE_TEARS,gothita,PSYCHIC,DARK,,
0577,solosis,LEGENDARY,1,false,PSYCHIC,,,,100,5,1,1,2,90,SHADOW_BALL,solosis,PSYCHIC,,,
0578,duosion,LEGENDARY,2,false,PSYCHIC,,,,200,9,1,1,2,90,SHADOW_BALL,solosis,PSYCHIC,,,
0579,reuniclus,LEGENDARY,3,false,PSYCHIC,,,,300,18,1,1,2,90,SHADOW_BALL,solosis,PSYCHIC,,,
0582,vanillite,RARE,1,false,FAIRY,ICE,ARTIFICIAL,,70,5,2,2,3,100,SLEEP,vanillite,FAIRY,ICE,ARTIFICIAL,
0583,vanillish,RARE,2,false,FAIRY,ICE,ARTIFICIAL,,130,9,2,2,3,100,SLEEP,vanillite,FAIRY,ICE,ARTIFICIAL,
0584,vanilluxe,RARE,3,false,FAIRY,ICE,ARTIFICIAL,,230,21,2,2,3,100,SLEEP,vanillite,FAIRY,ICE,ARTIFICIAL,
0595,joltik,RARE,1,true,BUG,ELECTRIC,,,80,8,3,2,1,100,ELECTRO_WEB,joltik,BUG,ELECTRIC,,
0596,galvantula,RARE,2,true,BUG,ELECTRIC,,,180,20,5,3,1,100,ELECTRO_WEB,joltik,BUG,ELECTRIC,,
0607,litwick,COMMON,1,false,GHOST,FIRE,ARTIFICIAL,,50,5,1,1,3,100,HEX,litwick,GHOST,FIRE,ARTIFICIAL,
0608,lampent,COMMON,2,false,GHOST,FIRE,ARTIFICIAL,,90,9,1,1,3,100,HEX,litwick,GHOST,FIRE,ARTIFICIAL,
0609,chandelure,COMMON,3,false,GHOST,FIRE,ARTIFICIAL,,180,16,1,1,3,100,HEX,litwick,GHOST,FIRE,ARTIFICIAL,
0637,volcarona,MYTHICAL,1,false,FIRE,BUG,,,200,20,2,2,3,100,FIRE_BLAST,volcarona,FIRE,BUG,,
0638,cobalion,MYTHICAL,1,false,STEEL,FIGHTING,,,200,20,6,6,1,100,SEISMIC_TOSS,cobalion,STEEL,FIGHTING,,
0640,virizion,MYTHICAL,1,false,GRASS,FIGHTING,,,200,20,6,6,1,150,SACRED_SWORD,virizion,GRASS,FIGHTING,,
0641,tornadus,MYTHICAL,1,false,FLYING,HUMAN,MONSTER,,200,15,2,2,3,100,TRI_ATTACK,tornadus,FLYING,HUMAN,MONSTER,
0642,thundurus,MYTHICAL,1,false,ELECTRIC,FLYING,,,200,20,3,3,3,80,THUNDER,thundurus,ELECTRIC,FLYING,,
0643,reshiram,MYTHICAL,2,false,DRAGON,FIRE,,,250,30,3,6,3,90,BLUE_FLARE,reshiram,DRAGON,FIRE,,
0644,zekrom,MYTHICAL,2,false,DRAGON,ELECTRIC,,,250,30,3,6,3,90,FUSION_BOLT,zekrom,DRAGON,ELECTRIC,,
0645,landorus,MYTHICAL,1,false,GROUND,FLYING,,,200,20,3,3,2,100,ROCK_SLIDE,landorus,GROUND,FLYING,,
0647,keldeo,MYTHICAL,1,false,WATER,FIGHTING,,,200,20,3,3,2,100,AQUA_JET,keldeo,WATER,FIGHTING,,
0648,meloetta,MYTHICAL,2,false,NORMAL,SOUND,,,250,30,5,5,4,120,RELIC_SONG,meloetta,NORMAL,SOUND,,
0649,genesect,MYTHICAL,2,false,BUG,STEEL,ARTIFICIAL,,220,22,6,3,4,70,LOCK_ON,genesect,BUG,STEEL,ARTIFICIAL,
0653,fennekin,COMMON,1,false,FIRE,PSYCHIC,HUMAN,,50,5,1,1,2,100,FIRE_TRICK,fennekin,FIRE,PSYCHIC,HUMAN,
0654,braixen,COMMON,2,false,FIRE,PSYCHIC,HUMAN,,100,9,1,1,2,100,FIRE_TRICK,fennekin,FIRE,PSYCHIC,HUMAN,
0655,delphox,COMMON,3,false,FIRE,PSYCHIC,HUMAN,,200,15,1,1,2,100,FIRE_TRICK,fennekin,FIRE,PSYCHIC,HUMAN,
0656,froakie,HATCH,1,false,WATER,AQUATIC,DARK,,90,7,2,2,1,80,WATER_SHURIKEN,froakie,WATER,AQUATIC,DARK,
0657,frogadier,HATCH,2,false,WATER,AQUATIC,DARK,,150,14,3,4,1,80,WATER_SHURIKEN,froakie,WATER,AQUATIC,DARK,
0658,greninja,HATCH,3,false,WATER,AQUATIC,DARK,,220,28,4,6,1,80,WATER_SHURIKEN,froakie,WATER,AQUATIC,DARK,
0669,flabebe,UNCOMMON,1,false,SOUND,FAIRY,FLORA,,60,5,1,1,3,90,DISARMING_VOICE,flabebe,SOUND,FAIRY,FLORA,
0670,floette,UNCOMMON,2,false,SOUND,FAIRY,FLORA,,120,9,1,1,3,90,DISARMING_VOICE,flabebe,SOUND,FAIRY,FLORA,
0671,florges,UNCOMMON,3,false,SOUND,FAIRY,FLORA,,210,20,2,2,3,90,DISARMING_VOICE,flabebe,SOUND,FAIRY,FLORA,
0679,honedge,RARE,1,false,GHOST,STEEL,ARTIFICIAL,,85,6,3,3,1,100,KING_SHIELD,honedge,GHOST,STEEL,ARTIFICIAL,
0680,doublade,RARE,2,false,GHOST,STEEL,ARTIFICIAL,,130,10,5,5,1,100,KING_SHIELD,honedge,GHOST,STEEL,ARTIFICIAL,
0681,aegislash,RARE,3,false,GHOST,STEEL,ARTIFICIAL,,230,18,7,7,1,100,KING_SHIELD,honedge,GHOST,STEEL,ARTIFICIAL,
0698,amaura,EPIC,1,true,FOSSIL,ICE,,,130,7,3,3,1,100,ICICLE_CRASH,amaura,FOSSIL,ICE,,
0699,aurorus,EPIC,2,true,FOSSIL,ICE,,,280,18,5,5,1,100,ICICLE_CRASH,amaura,FOSSIL,ICE,,
0700,sylveon,UNCOMMON,2,false,FAIRY,FIELD,SOUND,,180,12,1,1,2,80,HAPPY_HOUR,sylveon,FAIRY,FIELD,SOUND,
0703,carbink,EPIC,1,true,FOSSIL,ROCK,FAIRY,,125,7,4,2,1,100,DIAMOND_STORM,carbink,FOSSIL,ROCK,FAIRY,
0704,goomy,EPIC,1,false,DRAGON,AQUATIC,MONSTER,,90,6,4,6,1,80,LIQUIDATION,goomy,DRAGON,AQUATIC,MONSTER,
0705,sligoo,EPIC,2,false,DRAGON,AQUATIC,MONSTER,,160,12,5,7,1,80,LIQUIDATION,goomy,DRAGON,AQUATIC,MONSTER,
0706,goodra,EPIC,3,false,DRAGON,AQUATIC,MONSTER,,300,22,6,10,1,80,LIQUIDATION,goomy,DRAGON,AQUATIC,MONSTER,
0710,pumpkaboo,COMMON,1,true,GHOST,GRASS,,,60,5,2,2,1,80,CORRUPTED_NATURE,pumpkaboo,GHOST,GRASS,,
0711,gourgeist,COMMON,2,true,GHOST,GRASS,,,140,12,2,2,1,80,CORRUPTED_NATURE,pumpkaboo,GHOST,GRASS,,
0714,noibat,COMMON,1,true,DRAGON,SOUND,FLYING,,50,5,1,1,2,90,RAZOR_WIND,noibat,DRAGON,SOUND,FLYING,
0715,noivern,COMMON,2,true,DRAGON,SOUND,FLYING,,120,9,2,2,2,90,RAZOR_WIND,noibat,DRAGON,SOUND,FLYING,
0716,xerneas,MYTHICAL,2,false,FAIRY,,,,300,25,3,3,3,100,GEOMANCY,xerneas,FAIRY,,,
0717,yveltal,MYTHICAL,2,false,DARK,FLYING,,,300,25,6,6,1,100,DEATH_WING,yveltal,DARK,FLYING,,
0719,diancie,EPIC,2,true,FOSSIL,ROCK,FAIRY,,300,10,8,4,1,100,DIAMOND_STORM,carbink,FOSSIL,ROCK,FAIRY,
0721,volcanion,MYTHICAL,2,false,FIRE,WATER,AQUATIC,,300,20,2,2,2,90,STEAM_ERUPTION,volcanion,FIRE,WATER,AQUATIC,
0722,rowlet,HATCH,1,false,GRASS,FLYING,GHOST,,70,5,2,2,3,80,SPIRIT_SHACKLE,rowlet,GRASS,FLYING,GHOST,
0723,dartix,HATCH,2,false,GRASS,FLYING,GHOST,,130,9,2,3,3,80,SPIRIT_SHACKLE,rowlet,GRASS,FLYING,GHOST,
0724,decidueye,HATCH,3,false,GRASS,FLYING,GHOST,,200,20,2,4,3,80,SPIRIT_SHACKLE,rowlet,GRASS,FLYING,GHOST,
0728,popplio,HATCH,1,false,WATER,FAIRY,SOUND,,65,5,2,2,3,100,SPARKLING_ARIA,popplio,WATER,FAIRY,SOUND,
0729,brionne,HATCH,2,false,WATER,FAIRY,SOUND,,130,9,2,3,3,100,SPARKLING_ARIA,popplio,WATER,FAIRY,SOUND,
0730,primarina,HATCH,3,false,WATER,FAIRY,SOUND,,220,20,2,4,3,100,SPARKLING_ARIA,popplio,WATER,FAIRY,SOUND,
0757,salandit,RARE,1,true,FIRE,POISON,,,70,7,2,2,2,60,POISON,salandit,FIRE,POISON,,
0758,salazzle,RARE,2,true,FIRE,POISON,,,170,17,4,4,2,60,POISON,salandit,FIRE,POISON,,
0761,bounsweet,EPIC,1,false,GRASS,FIGHTING,,,110,8,4,4,1,90,HIGH_JUMP_KICK,bounsweet,GRASS,FIGHTING,,
0762,steenee,EPIC,2,false,GRASS,FIGHTING,,,200,16,5,5,1,90,HIGH_JUMP_KICK,bounsweet,GRASS,FIGHTING,,
0763,tsareena,EPIC,3,false,GRASS,FIGHTING,,,360,34,6,6,1,90,HIGH_JUMP_KICK,bounsweet,GRASS,FIGHTING,,
0778,mimikyu,MYTHICAL,1,false,GHOST,FAIRY,,,200,20,4,3,1,40,SHADOW_SNEAK,mimikyu,GHOST,FAIRY,,
0782,jangmo-o,EPIC,1,false,DRAGON,FIGHTING,SOUND,,100,6,4,4,1,110,CLANGOROUS_SOUL,jangmo-o,DRAGON,FIGHTING,SOUND,
0783,hakamo-o,EPIC,2,false,DRAGON,FIGHTING,SOUND,,160,13,5,5,1,110,CLANGOROUS_SOUL,jangmo-o,DRAGON,FIGHTING,SOUND,
0784,kommo-o,EPIC,3,false,DRAGON,FIGHTING,SOUND,,280,25,8,8,1,110,CLANGOROUS_SOUL,jangmo-o,DRAGON,FIGHTING,SOUND,
0785,tapu-koko,MYTHICAL,1,false,ELECTRIC,FAIRY,,,200,17,3,3,3,100,ELECTRIC_SURGE,tapu-koko,ELECTRIC,FAIRY,,
0786,tapu-lele,MYTHICAL,1,false,PSYCHIC,FAIRY,,,200,17,3,3,3,100,PSYCHIC_SURGE,tapu-lele,PSYCHIC,FAIRY,,
0787,tapu-bulu,MYTHICAL,1,false,GRASS,FAIRY,,,200,19,6,6,1,100,GRASSY_SURGE,tapu-bulu,GRASS,FAIRY,,
0788,tapu-fini,MYTHICAL,1,false,WATER,FAIRY,,,200,17,3,3,3,100,MISTY_SURGE,tapu-fini,WATER,FAIRY,,
0799,guzzlord,MYTHICAL,2,false,DRAGON,DARK,,,300,22,3,3,3,120,TWISTING_NEITHER,guzzlord,DRAGON,DARK,,
0802,marshadow,MYTHICAL,3,false,GHOST,FIGHTING,,,250,35,6,6,1,90,SPECTRAL_THIEF,marshadow,GHOST,FIGHTING,,
0805,stakataka,MYTHICAL,2,false,ROCK,STEEL,,,300,5,15,15,1,100,IRON_DEFENSE,stakataka,ROCK,STEEL,,
0806,blacephalon,MYTHICAL,1,false,FIRE,GHOST,,,200,15,3,3,3,80,MIND_BLOWN,blacephalon,FIRE,GHOST,,
0807,zeraora,MYTHICAL,1,false,ELECTRIC,FIGHTING,,,200,20,5,5,1,90,PLASMA_FIST,zeraora,ELECTRIC,FIGHTING,,
0813,scorbunny,HATCH,1,false,FIRE,FIGHTING,HUMAN,,75,6,3,3,1,70,BLAZE_KICK,scorbunny,FIRE,FIGHTING,HUMAN,
0814,raboot,HATCH,2,false,FIRE,FIGHTING,HUMAN,,130,9,6,6,1,70,BLAZE_KICK,scorbunny,FIRE,FIGHTING,HUMAN,
0815,cinderace,HATCH,3,false,FIRE,FIGHTING,HUMAN,,200,20,8,8,1,70,BLAZE_KICK,scorbunny,FIRE,FIGHTING,HUMAN,
0840,applin,EPIC,1,true,GRASS,DRAGON,,,130,6,5,2,1,85,APPLE_ACID,applin,GRASS,DRAGON,,
0842,appletun,EPIC,2,true,GRASS,DRAGON,,,250,16,8,6,1,85,APPLE_ACID,applin,GRASS,DRAGON,,
0856,hatenna,UNCOMMON,1,false,FAIRY,PSYCHIC,,,75,6,2,2,1,100,PSYCH_UP,hatenna,FAIRY,PSYCHIC,,
0857,hattrem,UNCOMMON,2,false,FAIRY,PSYCHIC,,,130,11,4,6,1,100,PSYCH_UP,hatenna,FAIRY,PSYCHIC,,
0858,hatterene,UNCOMMON,3,false,FAIRY,PSYCHIC,,,240,22,5,8,1,100,PSYCH_UP,hatenna,FAIRY,PSYCHIC,,
0872,snom,RARE,1,true,BUG,ICE,,,70,8,2,2,2,80,BUG_BUZZ,snom,BUG,ICE,,
0873,frosmoth,RARE,2,true,BUG,ICE,,,180,20,3,3,2,80,BUG_BUZZ,snom,BUG,ICE,,
0885,dreepy,HATCH,1,false,DRAGON,GHOST,,,90,5,3,3,2,80,DRAGON_DARTS,dreepy,DRAGON,GHOST,,
0886,drakloak,HATCH,2,false,DRAGON,GHOST,,,150,12,3,3,2,80,DRAGON_DARTS,dreepy,DRAGON,GHOST,,
0887,dragapult,HATCH,3,false,DRAGON,GHOST,,,260,26,3,3,2,80,DRAGON_DARTS,dreepy,DRAGON,GHOST,,
0890,eternatus,MYTHICAL,2,false,DRAGON,POISON,,,250,30,3,3,3,110,DYNAMAX_CANNON,eternatus,DRAGON,POISON,,
0894,regieleki,MYTHICAL,1,false,ELECTRIC,HUMAN,,,200,20,3,3,2,80,VOLT_SWITCH,regieleki,ELECTRIC,HUMAN,,
0895,regidrago,MYTHICAL,1,false,DRAGON,HUMAN,,,200,20,3,3,2,100,DRACO_ENERGY,regidrago,DRAGON,HUMAN,,
